Игра;GB;Путь
;;
;;
GTAV;0.00;D:\GTAV [Premium Edition] (2015) Portable by Canek77
;;
;;
;;
;;
;;
;;
Wemade;20.72;D:\Wemade
;;
Counter-Strike 1.6;0.34;D:\Games\Counter-Strike 1.6
;;
Korabli;54.49;D:\Games\Korabli
;;
;;
Tanki;55.52;D:\Games\Tanki
Tanks_Blitz;21.85;D:\Games\Tanks_Blitz
World_of_Tanks_EU;87.71;D:\Games\World_of_Tanks_EU
League of Legends;36.55;D:\Riot Games\League of Legends
LoR;0.40;D:\Riot Games\LoR
Teamfight Tactics;апр.95;D:\Riot Games\Teamfight Tactics
VALORANT;33.52;D:\Riot Games\VALORANT
;;
EA;0.00;D:\Program Files\EA
Electronic Arts;0.58;D:\Program Files\Electronic Arts
;;
;;
4Game;0.48;D:\Program Files (x86)\4Game
Battlefield 3;35.35;D:\Program Files (x86)\Battlefield 3
Battlefield 4;69.07;D:\Program Files (x86)\Battlefield 4
Battlefield V;50.13;D:\Program Files (x86)\Battlefield V
BlueStacks X;0.00;D:\Program Files (x86)\BlueStacks X
Call of Duty;146.65;D:\Program Files (x86)\Call of Duty
Call of Duty - Modern Warfare 3;18.86;D:\Program Files (x86)\Call of Duty - Modern Warfare 3
Call of Duty 2;мар.92;D:\Program Files (x86)\Call of Duty 2
Call of Duty WWII;40.82;D:\Program Files (x86)\Call of Duty WWII
GTA5RP;0.31;D:\Program Files (x86)\GTA5RP
Half-Life 2 Complete Edition;окт.74;D:\Program Files (x86)\Half-Life 2 Complete Edition
Hearthstone;12.ноя;D:\Program Files (x86)\Hearthstone
Heroes of the Storm;20.авг;D:\Program Files (x86)\Heroes of the Storm
Innova;0.50;D:\Program Files (x86)\Innova
Overwatch;76.05;D:\Program Files (x86)\Overwatch
Portal 2;12.дек;D:\Program Files (x86)\Portal 2
Roblox;0.00;D:\Program Files (x86)\Roblox
Sniper Elite 4;66.29;D:\Program Files (x86)\Sniper Elite 4
Sons of the Forest;15.65;D:\Program Files (x86)\Sons of the Forest
StarCraft;май.60;D:\Program Files (x86)\StarCraft
StarCraft II;25.47;D:\Program Files (x86)\StarCraft II
The Forest;02.май;D:\Program Files (x86)\The Forest
WarCraft III;янв.71;D:\Program Files (x86)\WarCraft III
WarThunder;104.06;D:\Program Files (x86)\WarThunder
World of Warcraft;124.30;D:\Program Files (x86)\World of Warcraft
Fortnite;70.44;D:\Program Files\Epic Games\Fortnite
GTAV;120.32;D:\Program Files\Epic Games\GTAV
HellLetLooseG0WU4;46.95;D:\Program Files\Epic Games\HellLetLooseG0WU4
rocketleague;39.87;D:\Program Files\Epic Games\rocketleague
TheCallistoProtocol;94.20;D:\Program Files\Epic Games\TheCallistoProtocol
007 First Light;53.03;D:\Program Files (x86)\Steam\steamapps\common\007 First Light
ABInfinite;84.54;D:\Program Files (x86)\Steam\steamapps\common\ABInfinite
Age of Empires IV;32.56;D:\Program Files (x86)\Steam\steamapps\common\Age of Empires IV
Apex Legends;79.64;D:\Program Files (x86)\Steam\steamapps\common\Apex Legends
Arc Raiders;53.11;D:\Program Files (x86)\Steam\steamapps\common\Arc Raiders
Baldurs Gate 3;148.14;D:\Program Files (x86)\Steam\steamapps\common\Baldurs Gate 3
Battlefield 1;82.20;D:\Program Files (x86)\Steam\steamapps\common\Battlefield 1
Battlefield 2042;103.08;D:\Program Files (x86)\Steam\steamapps\common\Battlefield 2042
Battlefield 6;147.84;D:\Program Files (x86)\Steam\steamapps\common\Battlefield 6
Battlefield V;91.78;D:\Program Files (x86)\Steam\steamapps\common\Battlefield V
Bloodhunt;20.15;D:\Program Files (x86)\Steam\steamapps\common\Bloodhunt
Buckshot Roulette;янв.24;D:\Program Files (x86)\Steam\steamapps\common\Buckshot Roulette
Call of Duty HQ;174.85;D:\Program Files (x86)\Steam\steamapps\common\Call of Duty HQ
Call of Duty Modern Warfare II;92.61;D:\Program Files (x86)\Steam\steamapps\common\Call of Duty Modern Warfare II
Cossacks 3;июн.90;D:\Program Files (x86)\Steam\steamapps\common\Cossacks 3
Counter-Strike Global Offensive;71.64;D:\Program Files (x86)\Steam\steamapps\common\Counter-Strike Global Offensive
Counter-Strike Source;апр.55;D:\Program Files (x86)\Steam\steamapps\common\Counter-Strike Source
Cyberpunk 2077;66.80;D:\Program Files (x86)\Steam\steamapps\common\Cyberpunk 2077
DayZ;23.88;D:\Program Files (x86)\Steam\steamapps\common\DayZ
Dead by Daylight;61.04;D:\Program Files (x86)\Steam\steamapps\common\Dead by Daylight
Dead Space 3;0.23;D:\Program Files (x86)\Steam\steamapps\common\Dead Space 3
Deadlock;34.01;D:\Program Files (x86)\Steam\steamapps\common\Deadlock
DEATHLOOP;30.98;D:\Program Files (x86)\Steam\steamapps\common\DEATHLOOP
Deep Rock Galactic;мар.65;D:\Program Files (x86)\Steam\steamapps\common\Deep Rock Galactic
Destiny 2;151.61;D:\Program Files (x86)\Steam\steamapps\common\Destiny 2
Diablo IV;159.10;D:\Program Files (x86)\Steam\steamapps\common\Diablo IV
dota 2 beta;71.98;D:\Program Files (x86)\Steam\steamapps\common\dota 2 beta
EA Sports FC 24;46.93;D:\Program Files (x86)\Steam\steamapps\common\EA Sports FC 24
ELDEN RING;68.31;D:\Program Files (x86)\Steam\steamapps\common\ELDEN RING
Euro Truck Simulator 2;0.00;D:\Program Files (x86)\Steam\steamapps\common\Euro Truck Simulator 2
FarCry5;77.86;D:\Program Files (x86)\Steam\steamapps\common\FarCry5
FC 26;58.63;D:\Program Files (x86)\Steam\steamapps\common\FC 26
Grand Theft Auto V;120.19;D:\Program Files (x86)\Steam\steamapps\common\Grand Theft Auto V
Half-Life;фев.44;D:\Program Files (x86)\Steam\steamapps\common\Half-Life
Half-Life 2;сен.95;D:\Program Files (x86)\Steam\steamapps\common\Half-Life 2
Helldivers 2;0.04;D:\Program Files (x86)\Steam\steamapps\common\Helldivers 2
Hunt Showdown;86.62;D:\Program Files (x86)\Steam\steamapps\common\Hunt Showdown
KingdomComeDeliverance;78.09;D:\Program Files (x86)\Steam\steamapps\common\KingdomComeDeliverance
KingdomComeDeliverance2;89.80;D:\Program Files (x86)\Steam\steamapps\common\KingdomComeDeliverance2
left 4 dead;06.апр;D:\Program Files (x86)\Steam\steamapps\common\left 4 dead
Left 4 Dead 2;17.ноя;D:\Program Files (x86)\Steam\steamapps\common\Left 4 Dead 2
MarvelRivals;83.99;D:\Program Files (x86)\Steam\steamapps\common\MarvelRivals
Max Payne 3;32.74;D:\Program Files (x86)\Steam\steamapps\common\Max Payne 3
Metro Exodus;77.95;D:\Program Files (x86)\Steam\steamapps\common\Metro Exodus
Need for Speed Heat;0.23;D:\Program Files (x86)\Steam\steamapps\common\Need for Speed Heat
Path of Exile 2;139.71;D:\Program Files (x86)\Steam\steamapps\common\Path of Exile 2
PAYDAY 2;34.42;D:\Program Files (x86)\Steam\steamapps\common\PAYDAY 2
Phasmophobia;41.29;D:\Program Files (x86)\Steam\steamapps\common\Phasmophobia
Prime World Nova Playtest;фев.97;D:\Program Files (x86)\Steam\steamapps\common\Prime World Nova Playtest
PUBG;48.51;D:\Program Files (x86)\Steam\steamapps\common\PUBG
Ready Or Not;48.33;D:\Program Files (x86)\Steam\steamapps\common\Ready Or Not
Red Dead Redemption 2;119.47;D:\Program Files (x86)\Steam\steamapps\common\Red Dead Redemption 2
Rematch;окт.58;D:\Program Files (x86)\Steam\steamapps\common\Rematch
REPO;янв.39;D:\Program Files (x86)\Steam\steamapps\common\REPO
rocketleague;39.85;D:\Program Files (x86)\Steam\steamapps\common\rocketleague
Rust;51.06;D:\Program Files (x86)\Steam\steamapps\common\Rust
S.T.A.L.K.E.R. 2 Heart of Chornobyl;192.92;D:\Program Files (x86)\Steam\steamapps\common\S.T.A.L.K.E.R. 2 Heart of Chornobyl
sandstorm;40.38;D:\Program Files (x86)\Steam\steamapps\common\sandstorm
Sea of Thieves;134.10;D:\Program Files (x86)\Steam\steamapps\common\Sea of Thieves
Skyrim Special Edition;14.99;D:\Program Files (x86)\Steam\steamapps\common\Skyrim Special Edition
Space Marine 2;89.67;D:\Program Files (x86)\Steam\steamapps\common\Space Marine 2
Squad;65.61;D:\Program Files (x86)\Steam\steamapps\common\Squad
The Finals;89.85;D:\Program Files (x86)\Steam\steamapps\common\The Finals
The Forest;май.54;D:\Program Files (x86)\Steam\steamapps\common\The Forest
The Sims 4;28.13;D:\Program Files (x86)\Steam\steamapps\common\The Sims 4
The Witcher 3;61.38;D:\Program Files (x86)\Steam\steamapps\common\The Witcher 3
Tom Clancy's Rainbow Six Siege;56.39;D:\Program Files (x86)\Steam\steamapps\common\Tom Clancy's Rainbow Six Siege
Valheim;янв.48;D:\Program Files (x86)\Steam\steamapps\common\Valheim
War Thunder;86.08;D:\Program Files (x86)\Steam\steamapps\common\War Thunder
World of Tanks Blitz;20.июн;D:\Program Files (x86)\Steam\steamapps\common\World of Tanks Blitz
Zenimax Online;124.78;D:\Program Files (x86)\Steam\steamapps\common\Zenimax Online
Tom Clancy's Rainbow Six Siege RUS;62.09;D:\Program Files (x86)\Ubisoft\Ubisoft Game Launcher\games\Tom Clancy's Rainbow Six Siege RUS
